group,dim,min,max,mean,std
action,dx,-0.026263967156410217,0.012689775787293911,-0.000410340609960258,0.0026316549628973007
action,dy,-0.01796857640147209,0.031110720708966255,0.0009837570833042264,0.004289581906050444
action,dz,-0.024570707231760025,0.05484520271420479,-0.00011352042201906443,0.0070607904344797134
action,droll,-0.015676679089665413,0.022436343133449554,0.00019281853747088462,0.0018136202124878764
action,dpitch,-0.03189142793416977,0.03139708563685417,1.813948983908631e-06,0.0041387928649783134
action,dyaw,-0.09709600359201431,0.040600694715976715,-0.0011831524316221476,0.009439107961952686
action,gripper,0.0,0.9990440011024475,0.49285459518432617,0.34051334857940674
cartesian,x,0.42967092990875244,0.6711239218711853,0.5251073837280273,0.05165471136569977
cartesian,y,-0.010430657304823399,0.279633492231369,0.05150222033262253,0.06170026212930679
cartesian,z,0.045832205563783646,0.40441522002220154,0.13882185518741608,0.09187001734972
cartesian,roll,2.972140312194824,3.1414730548858643,3.1247661113739014,0.020700713619589806
cartesian,pitch,-0.8417813777923584,0.3663943111896515,0.03576716408133507,0.13685685396194458
cartesian,yaw,-0.17019417881965637,0.24811908602714539,0.009130730293691158,0.06675953418016434
gripper_state,gripper,0.028063610196113586,0.8896164894104004,0.43484944105148315,0.2792332172393799
joints,joint_0,-0.04750010371208191,0.33725664019584656,0.05064045265316963,0.08391600847244263
joints,joint_1,-0.24462106823921204,0.7161950469017029,0.2771238088607788,0.17860479652881622
joints,joint_2,-0.021000145003199577,0.24001218378543854,0.04039223864674568,0.0361069031059742
joints,joint_3,-2.4698739051818848,-1.717447280883789,-2.2575418949127197,0.2075008600950241
joints,joint_4,-0.07014919817447662,0.01874086633324623,-0.0006032274104654789,0.007382786832749844
joints,joint_5,1.927017331123352,2.7813022136688232,2.541942834854126,0.21574120223522186
joints,joint_6,0.5795862078666687,1.785003423690796,0.8522643446922302,0.1739957183599472
target,target_x,0.43278881907463074,0.6942996978759766,0.5194527506828308,0.05773443356156349
target,target_y,-0.01001981645822525,0.2879240810871124,0.054655008018016815,0.06578808277845383
target,target_z,0.03999999910593033,0.4052555561065674,0.13284192979335785,0.09571634978055954
target,target_roll,2.9529619216918945,3.1412720680236816,3.1164021492004395,0.021535202860832214
target,target_pitch,-0.9026493430137634,0.4133659601211548,0.024180253967642784,0.17603139579296112
target,target_yaw,-0.057098954916000366,0.20622938871383667,0.04985314607620239,0.0325501523911953
